include\Firmware.h,27,error,unknownMacro,There is an unknown macro here somewhere. Configuration is required. If PROGMEM is a macro then please configure it.
lib\BabelFish\BabelFish.cpp,307,style,functionStatic,The member function 'BabelFish::reportInvalid' can be static.
lib\BabelFish\BabelFish.cpp,332,style,constVariablePointer,Variable 'start' can be declared as pointer to const
lib\BabelFish\BabelFish.cpp,38,error,misra-config,Because of missing configuration, misra checking is incomplete. There can be false negatives! Variable 'Serial' is unknown
lib\BabelFish\BabelFish.cpp,164,error,misra-config,Because of missing configuration, misra checking is incomplete. There can be false negatives! Variable 'nullptr' is unknown
lib\BabelFish\BabelFish.cpp,211,error,misra-config,Because of missing configuration, misra checking is incomplete. There can be false negatives! Variable 'nullptr' is unknown
lib\BabelFish\BabelFish.cpp,232,error,misra-config,Because of missing configuration, misra checking is incomplete. There can be false negatives! Variable 'nullptr' is unknown
lib\BabelFish\BabelFish.cpp,255,error,misra-config,Because of missing configuration, misra checking is incomplete. There can be false negatives! Variable 'nullptr' is unknown
lib\BabelFish\BabelFish.cpp,395,error,misra-config,Because of missing configuration, misra checking is incomplete. There can be false negatives! Variable 'nullptr' is unknown
lib\Error\Error.cpp,18,style,functionStatic,The member function 'Error::update' can be static.
lib\Keyboard\Keyboard.cpp,5,warning,uninitMemberVar,Member variable 'Button::_lastState' is not initialized in the constructor.
lib\Keyboard\Keyboard.cpp,250,style,unusedPrivateFunction,Unused private function: 'Keyboard::drawDiagnostic'
lib\Keyboard\Keyboard.cpp,276,style,functionStatic,The member function 'Keyboard::Write_to_display' can be static.
lib\Keyboard\Keyboard.cpp,250,style,functionStatic,The member function 'Keyboard::drawDiagnostic' can be static.
lib\Keyboard\Keyboard.cpp,140,style,shadowFunction,Argument 'mode' shadows outer function
lib\Keyboard\Keyboard.cpp,28,error,misra-config,Because of missing configuration, misra checking is incomplete. There can be false negatives! Variable 'HIGH' is unknown
lib\Keyboard\Keyboard.cpp,28,error,misra-config,Because of missing configuration, misra checking is incomplete. There can be false negatives! Variable 'LOW' is unknown
lib\Motor\motor.cpp,63,warning,uninitMemberVar,Member variable 'Motor::_Dir_pin' is not initialized in the constructor.
lib\Motor\motor.cpp,63,warning,uninitMemberVar,Member variable 'Motor::_Step_pin' is not initialized in the constructor.
lib\Motor\motor.cpp,63,warning,uninitMemberVar,Member variable 'Motor::_ENA_pin' is not initialized in the constructor.
lib\Motor\motor.cpp,63,warning,uninitMemberVar,Member variable 'Motor::_State' is not initialized in the constructor.
lib\Motor\motor.cpp,63,warning,uninitMemberVar,Member variable 'Motor::_ProfileElement' is not initialized in the constructor.
lib\Motor\motor.cpp,63,warning,uninitMemberVar,Member variable 'Motor::_TargetPosition' is not initialized in the constructor.
lib\Motor\motor.cpp,63,warning,uninitMemberVar,Member variable 'Motor::_Position' is not initialized in the constructor.
lib\Motor\motor.cpp,352,style,unusedPrivateFunction,Unused private function: 'Motor::CheckBorder'
lib\Motor\motor.cpp,403,style,unusedPrivateFunction,Unused private function: 'Motor::calcProfile'
lib\Motor\motor.cpp,520,style,unusedPrivateFunction,Unused private function: 'Motor::Timer1_Start'
lib\Motor\motor.cpp,218,style,functionStatic,The member function 'Motor::move2Pos' can be static.
lib\Motor\motor.cpp,228,style,functionStatic,The member function 'Motor::moveSteps' can be static.
lib\Motor\motor.cpp,305,style,functionStatic,The member function 'Motor::Reference' can be static.
lib\Motor\motor.cpp,319,style,functionStatic,The member function 'Motor::prepareSetPosition' can be static.
lib\Motor\motor.cpp,327,style,functionStatic,The member function 'Motor::prepareLeft' can be static.
lib\Motor\motor.cpp,335,style,functionStatic,The member function 'Motor::prepareRight' can be static.
lib\Motor\motor.cpp,343,style,functionStatic,The member function 'Motor::prepareSetTrack' can be static.
lib\Motor\motor.cpp,352,style,functionStatic,The member function 'Motor::CheckBorder' can be static.
lib\Motor\motor.cpp,357,style,functionStatic,The member function 'Motor::prepareParameter' can be static.
lib\Motor\motor.cpp,580,style,functionStatic,The member function 'Motor::Timer1_Stop' can be static.
lib\Motor\motor.cpp,150,style,knownConditionTrueFalse,Condition 'true==prepareLeft()' is always true
lib\Motor\motor.cpp,157,style,knownConditionTrueFalse,Condition 'true==prepareRight()' is always true
lib\Motor\motor.cpp,164,style,knownConditionTrueFalse,Condition 'true==prepareSetPosition()' is always true
lib\Motor\motor.cpp,171,style,knownConditionTrueFalse,Condition 'true==prepareSetTrack()' is always true
lib\Motor\motor.cpp,178,style,knownConditionTrueFalse,Condition 'true==prepareParameter()' is always true
lib\Motor\motor.cpp,191,style,knownConditionTrueFalse,Condition 'prepareParameter()' is always true
lib\Motor\motor.cpp,248,style,useStlAlgorithm,Consider using std::find_if algorithm instead of a raw loop.
lib\Motor\motor.cpp,91,error,misra-config,Because of missing configuration, misra checking is incomplete. There can be false negatives! Variable 'nullptr' is unknown
lib\Motor\motor.cpp,240,error,misra-config,Because of missing configuration, misra checking is incomplete. There can be false negatives! Variable 'MotorState_t' is unknown
lib\Motor\motor.cpp,254,error,misra-config,Because of missing configuration, misra checking is incomplete. There can be false negatives! Variable 'nullptr' is unknown
lib\Motor\motor.cpp,258,error,misra-config,Because of missing configuration, misra checking is incomplete. There can be false negatives! Variable 'REF_STATE' is unknown
lib\Motor\motor.cpp,279,error,misra-config,Because of missing configuration, misra checking is incomplete. There can be false negatives! Variable 'nullptr' is unknown
lib\Motor\motor.cpp,292,error,misra-config,Because of missing configuration, misra checking is incomplete. There can be false negatives! Variable 'nullptr' is unknown
lib\Motor\motor.cpp,625,error,misra-config,Because of missing configuration, misra checking is incomplete. There can be false negatives! Variable 'nullptr' is unknown
lib\Motor\motor.cpp,634,error,misra-config,Because of missing configuration, misra checking is incomplete. There can be false negatives! Variable 'nullptr' is unknown
lib\Motor\motor.cpp,672,error,misra-config,Because of missing configuration, misra checking is incomplete. There can be false negatives! Variable 'nullptr' is unknown
lib\Motor\motor.cpp,679,error,misra-config,Because of missing configuration, misra checking is incomplete. There can be false negatives! Variable 'nullptr' is unknown
lib\Motor\motor.cpp,799,error,misra-config,Because of missing configuration, misra checking is incomplete. There can be false negatives! Variable 'MotorProfile_t' is unknown
lib\Motor\motor.cpp,813,error,misra-config,Because of missing configuration, misra checking is incomplete. There can be false negatives! Variable 'nullptr' is unknown
lib\Switches\Switches.cpp,3,style,functionStatic,The member function 'Switches::begin' can be static.
lib\Switches\Switches.cpp,11,style,functionStatic,The member function 'Switches::getAnalogValue' can be static.
lib\Switches\Switches.cpp,22,style,functionStatic,The member function 'Switches::getDigitalValue' can be static.
