lib\Keyboard\Keyboard.cpp,44,style,misra-c2012-12.3,misra violation (use --rule-texts=<file> to get proper output)
lib\Motor\Motor.h,59,error,misra-config,Because of missing configuration, misra checking is incomplete. There can be false negatives! Unknown constant MAX_COMMAND_LENGTH, please review configuration
lib\Motor\Motor.cpp,91,error,misra-config,Because of missing configuration, misra checking is incomplete. There can be false negatives! Variable 'nullptr' is unknown
lib\Motor\Motor.cpp,240,error,misra-config,Because of missing configuration, misra checking is incomplete. There can be false negatives! Variable 'MotorState_t' is unknown
lib\Motor\Motor.cpp,254,error,misra-config,Because of missing configuration, misra checking is incomplete. There can be false negatives! Variable 'nullptr' is unknown
lib\Motor\Motor.cpp,258,error,misra-config,Because of missing configuration, misra checking is incomplete. There can be false negatives! Variable 'REF_STATE' is unknown
lib\Motor\Motor.cpp,279,error,misra-config,Because of missing configuration, misra checking is incomplete. There can be false negatives! Variable 'nullptr' is unknown
lib\Motor\Motor.cpp,292,error,misra-config,Because of missing configuration, misra checking is incomplete. There can be false negatives! Variable 'nullptr' is unknown
lib\Motor\Motor.cpp,625,error,misra-config,Because of missing configuration, misra checking is incomplete. There can be false negatives! Variable 'nullptr' is unknown
lib\Motor\Motor.cpp,634,error,misra-config,Because of missing configuration, misra checking is incomplete. There can be false negatives! Variable 'nullptr' is unknown
lib\Motor\Motor.cpp,672,error,misra-config,Because of missing configuration, misra checking is incomplete. There can be false negatives! Variable 'nullptr' is unknown
lib\Motor\Motor.cpp,679,error,misra-config,Because of missing configuration, misra checking is incomplete. There can be false negatives! Variable 'nullptr' is unknown
lib\Motor\Motor.cpp,799,error,misra-config,Because of missing configuration, misra checking is incomplete. There can be false negatives! Variable 'MotorProfile_t' is unknown
lib\Motor\Motor.cpp,813,error,misra-config,Because of missing configuration, misra checking is incomplete. There can be false negatives! Variable 'nullptr' is unknown
lib\BabelFish\BabelFish.cpp,38,error,misra-config,Because of missing configuration, misra checking is incomplete. There can be false negatives! Variable 'Serial' is unknown
lib\BabelFish\BabelFish.cpp,164,error,misra-config,Because of missing configuration, misra checking is incomplete. There can be false negatives! Variable 'nullptr' is unknown
lib\BabelFish\BabelFish.cpp,211,error,misra-config,Because of missing configuration, misra checking is incomplete. There can be false negatives! Variable 'nullptr' is unknown
lib\BabelFish\BabelFish.cpp,232,error,misra-config,Because of missing configuration, misra checking is incomplete. There can be false negatives! Variable 'nullptr' is unknown
lib\BabelFish\BabelFish.cpp,255,error,misra-config,Because of missing configuration, misra checking is incomplete. There can be false negatives! Variable 'nullptr' is unknown
lib\BabelFish\BabelFish.cpp,395,error,misra-config,Because of missing configuration, misra checking is incomplete. There can be false negatives! Variable 'nullptr' is unknown
lib\UART\UART.cpp,36,error,misra-config,Because of missing configuration, misra checking is incomplete. There can be false negatives! Variable 'nullptr' is unknown
lib\UART\UART.cpp,70,error,misra-config,Because of missing configuration, misra checking is incomplete. There can be false negatives! Variable 'Serial' is unknown
lib\UART\UART.cpp,77,error,misra-config,Because of missing configuration, misra checking is incomplete. There can be false negatives! Variable 'BabelFishResult' is unknown
lib\UART\UART.cpp,95,error,misra-config,Because of missing configuration, misra checking is incomplete. There can be false negatives! Variable 'BabelFishResult' is unknown
lib\UART\UART.cpp,207,error,misra-config,Because of missing configuration, misra checking is incomplete. There can be false negatives! Variable 'FY_SystemState_t' is unknown
lib\UART\UART.cpp,332,error,misra-config,Because of missing configuration, misra checking is incomplete. There can be false negatives! Variable 'nullptr' is unknown
lib\UART\UART.cpp,479,error,misra-config,Because of missing configuration, misra checking is incomplete. There can be false negatives! Variable 'static_cast' is unknown
lib\UART\UART.cpp,480,error,misra-config,Because of missing configuration, misra checking is incomplete. There can be false negatives! Variable 'static_cast' is unknown
